name_of_centre,location_of_centre,type_of_centre,owner,no_of_stalls,no_of_cooked_food_stalls,no_of_mkt_produce_stalls,latitude,longitude
Adam Road Food Centre,"2, Adam Road, S(289876)",HC,Government,32,32,0,1.3240827139625,103.814182099841
Amoy Street Food Centre,"National Development Building, Annex B, Telok Ayer Street, S(069111)",HC,Government,135,134,1,1.2793398636571,103.846652482254
Bedok Food Centre,"1, Bedok Road, S(469572)",HC,Government,32,32,0,1.32034716834128,103.955480570427
Beo Crescent Market,"38A, Beo Crescent, S(169982)",MHC,Government,94,32,62,1.28883089150258,103.827353892228
Berseh Food Centre,"166, Jalan Besar, S(208877)",HC,Government,66,66,0,1.30734410946371,103.856888783769
Bukit Timah Market,"51, Upper Bukit Timah Road, S(588215)",MHC,Government,179,84,95,1.33945242854685,103.776007306701
Chomp Chomp Food Centre,"20, Kensington Park Road, S(557269)",HC,Government,36,36,0,1.36423252476886,103.86652701738
Commonwealth Crescent Market,"31, Commonwealth Crescent, S(149644)",MHC,Government,102,39,63,1.30690013206335,103.800367271218
Dunman Food Centre,"271, Onan Road, S(424768)",HC,Government,30,30,0,1.30941788760759,103.901825408227
East Coast Lagoon Food Village,"1220, East Coast Parkway, S(468960)",HC,Government,63,63,0,1.30690573552745,103.935137935777
Geylang Serai Market,"Geylang Serai, S(402001)",MHC,Government,365,63,302,1.31667885583161,103.898102655979
Golden Mile Food Centre,"505, Beach Road, S(199583)",MHC,Government,223,112,111,1.30314175320333,103.863877615334
Holland Village Market & Food Centre,"1, Lorong Mambong, S(277700)",MHC,Government,69,21,48,1.31107297402127,103.794876419662
Kallang Estate Market,"17, Old Airport Road, S(397972)",MHC,Government,94,16,78,1.30734398370473,103.884017699319
Market Street Food Centre,"50, Market Street, Golden Shoe Multi-Storey Car Park, 2nd/3rd Storey, S(048940)",HC,Government,76,76,0,1.30100149635856,103.854211650138
Maxwell Food Centre,"1, Kadayanallur Street, S(069184)",HC,Government,103,103,0,1.28033142727315,103.844747227479
Newton Food Centre,"500, Clemenceau Ave North, S(229495)",HC,Government,83,83,0,1.31189240495009,103.839562766706
North Bridge Road Market & Food Centre,"861, North Bridge Road, S(198783)",MHC,Government,119,37,82,1.30563433652207,103.863909336656
Pasir Panjang Food Centre,"121, Pasir Panjang Road, S(118543)",HC,Government,45,45,0,1.27591797439292,103.791410908656
Serangoon Garden Market,"49A, Serangoon Garden Way, S(555945)",MHC,Government,82,46,36,1.36308501111104,103.866724949118
Sembawang Hill Food Centre,"590, Upper Thomson Road, S(574419)",HC,Government,36,36,0,1.37231949296183,103.829018145089
Taman Jurong Market & Food Centre,"3, Yung Sheng Road, S(618499)",MHC,Government,180,123,57,1.33468266452814,103.721619258973
Tanglin Halt Market,"48A, Tanglin Halt Road, S(148813)",MHC,Government,117,28,89,1.30054407507427,103.797737980247
Tiong Bahru Market,"30, Seng Poh Road, S(168898)",MHC,Government,342,83,259,1.28468599168094,103.832421566287
Zion Riverside Food Centre,"70, Zion Road, S(247792)",HC,Government,32,32,0,1.2923422114207,103.831189023623
ABC Brickworks Market & Food Centre,"Blk 6, Jalan Bukit Merah, S(150006)",MHC,HDB,144,96,48,1.28688297261475,103.808131274161
Albert Centre Market & Food Centre,"Blk 270, Queen Street, S(180270)",MHC,HDB,234,86,148,1.30100149635856,103.854211650138
Alexandra Village Food Centre,"Blk 120, Bukit Merah Lane, S(150120)",HC,HDB,88,88,0,1.28630594274136,103.804492637648
Blk 1 Jalan Kukoh,"Blk 1, Jalan Kukoh, S(161001)",HC,HDB,21,21,0,1.2882310152805,103.839934168065
Blk 105 Hougang Ave 1,"Blk 105, Hougang Ave 1, S(530105)",MHC,HDB,171,51,120,1.35408273910145,103.890130407955
Blk 11 Telok Blangah Crescent,"Blk 11, Telok Blangah Crescent, S(090011)",MHC,HDB,133,56,77,1.27736813225761,103.818651524334
Blk 112 Jalan Bukit Merah,"Blk 112, Jalan Bukit Merah, S(160112)",MHC,HDB,80,22,58,1.28000480135122,103.82601329621
Blk 115 Bukit Merah View,"Blk 115, Bukit Merah View, S(151115)",MHC,HDB,182,84,98,1.28550445567433,103.821823256087
Blk 117 Aljunied Ave 2,"Blk 117, Aljunied Ave 2, S(380117)",MHC,HDB,161,79,82,1.32064636781982,103.88702414
Blk 127 Toa Payoh Lorong 1,"Blk 127, Lorong 1 Toa Payoh, S(310127)",MHC,HDB,148,40,108,1.3322421486487,103.845643059432
Blk 137 Tampines Street 11,"Blk 137, Tampines Street 11, S(521137)",MHC,HDB,144,45,99,1.34615467582904,103.944509800507
Blk 159 Mei Chin Road,"Blk 159, Mei Chin Road, S(140159)",MHC,HDB,113,47,66,1.29323624443735,103.802903871889
Blk 16 Bedok South Road,"Blk 16, Bedok South Road, S(460016)",MHC,HDB,194,64,130,1.32055221938711,103.935539171613
Blk 163 Bukit Merah Central,"Blk 163, Bukit Merah Central, S(150163)",HC,HDB,57,57,0,1.28388120820457,103.816939544137
Blk 17 Upper Boon Keng Road,"Blk 17, Upper Boon Keng Road, S(380017)",MHC,HDB,144,84,60,1.31526353935876,103.870688914288
Blk 20 Ghim Moh Road,"Blk 20, Ghim Moh Road, S(270020)",MHC,HDB,230,72,158,1.31099663218896,103.78823030662
Blk 208B New Upper Changi Road,"Blk 208B, New Upper Changi Road, S(462208)",HC,HDB,70,70,0,1.32478236985627,103.930570304559
Blk 210 Toa Payoh Lorong 8,"Blk 210, Lorong 8 Toa Payoh, S(310210)",MHC,HDB,157,80,77,1.34021600857625,103.85487256444
Blk 216 Bedok North Street 1,"Blk 216, Bedok North Street 1, S(460216)",MHC,HDB,196,82,114,1.32706274205746,103.933217970746
Blk 22 Toa Payoh Lorong 7,"Blk 22, Lorong 7 Toa Payoh, S(310022)",MHC,HDB,120,61,59,1.34021600857625,103.85487256444
Blk 226D Ang Mo Kio Ave 1,"Blk 226D, Ang Mo Kio Ave 1, S(564226)",MHC,HDB,111,10,101,1.36655830166122,103.841624082978
Blk 226H Ang Mo Kio Street 22,"Blk 226H, Ang Mo Kio Street 22, S(568226)",HC,HDB,29,29,0,1.36877838877909,103.840273944362
Blk 254 Jurong East Street 24,"Blk 254, Jurong East Street 24, S(600254)",MHC,HDB,147,60,87,1.3414812934447,103.742973359591
Blk 29 Bendemeer Road,"Blk 29, Bendemeer Road, S(330029)",MHC,HDB,193,88,105,1.31547715332072,103.860312930116
Blk 320 Shunfu Road,"Blk 320, Shunfu Road, S(570320)",MHC,HDB,82,31,51,1.35200745401591,103.837031862103
Blk 341 Ang Mo Kio Ave 1,"Blk 341, Ang Mo Kio Ave 1, S(560341)",MHC,HDB,118,32,86,1.36655830166122,103.841624082978
Blk 347 Jurong East Ave 1,"Blk 347, Jurong East Ave 1, S(600347)",MHC,HDB,225,56,169,1.34522197636815,103.732766747768
Blk 353 Clementi Ave 2,"Blk 353, Clementi Ave 2, S(120353)",MHC,HDB,77,18,59,1.31437917978956,103.770919561136
Blk 36 Telok Blangah Rise,"Blk 36, Telok Blangah Rise, S(090036)",MHC,HDB,53,24,29,1.27612047924037,103.808628535239
Blk 37A Teban Gardens Road,"Blk 37A, Teban Garden Road, S(601037)",MHC,HDB,80,28,52,1.32049455420279,103.739968203905
Blk 409 Ang Mo Kio Ave 10,"Blk 409, Ang Mo Kio Ave 10, S(560409)",MHC,HDB,142,40,102,1.36265410749321,103.855288297631
Blk 44 Holland Drive,"Blk 44, Holland Drive, S(270044)",MHC,HDB,106,45,61,1.30811780015992,103.792773769341
Blk 448 Clementi Ave 3,"Blk 448, Clementi Ave 3, S(120448)",MHC,HDB,143,51,92,1.31331969319644,103.764517192874
Blk 453A Ang Mo Kio Ave 10,"Blk 453A, Ang Mo Kio Ave 10, S(561453)",MHC,HDB,222,38,184,1.36951942637994,103.848462230319
Blk 49 Sims Place,"Blk 49, Sims Place, S(380049)",MHC,HDB,144,66,78,1.31659507864197,103.879545641729
Blk 4A Eunos Crescent,"Blk 4A, Eunos Crescent, S(402004)",MHC,HDB,110,42,68,1.32033126010096,103.904256478426
Blk 4A Jalan Batu,"Blk 4A, Jalan Batu, S(432004)",MHC,HDB,66,36,30,1.36643987603018,103.884251721084
Blk 4A Woodlands Centre Road,"Blk 4A, Woodlands Centre Road, S(731004)",HC,HDB,78,78,0,1.43903831450662,103.769799867546
Blk 502 West  Coast Drive,"Blk 502, West Coast Drive, S(120502)",MK,HDB,40,0,40,1.31190695723944,103.759128018939
Blk 503 West Coast Drive,"Blk 503, West Coast Drive, S(120503)",HC,HDB,80,80,0,1.31180308926424,103.759751405542
Blk 505 Jurong West Street 52,"Blk 505, Jurong West Street 52, S(640505)",MHC,HDB,190,60,130,1.34965729130746,103.718443677825
Blk 50A Marine Terrace,"Blk 50A, Marine Terrace, S(441050)",MHC,HDB,111,24,87,1.30572973591916,103.915737035334
Blk 51 Old Airport Road,"Blk 51, Old Airport Road, S(390051)",MHC,HDB,222,168,54,1.30810982136012,103.885731681696
Blk 511 Bedok North Street 3,"Blk 511, Bedok North Street 3, S(460511)",MHC,HDB,125,42,83,1.3300514240201,103.924118031423
Blk 527 Ang Mo Kio Ave 10,"Blk 527, Ang Mo Kio Ave 10, S(560527)",MHC,HDB,150,50,100,1.36951942637994,103.848462230319
Blk 538 Bedok North Street 3,"Blk 538, Bedok North Street 3, S(460538)",MHC,HDB,124,40,84,1.3320672771228,103.924621314971
Blk 58 New Upper Changi Road,"Blk 58, New Upper Changi Road, S(461058)",MHC,HDB,195,48,147,1.32420087334002,103.941125277547
Blk 6 Tanjong Pagar Plaza,"Blk 6, Tanjong Pagar Plaza, S(081006)",MHC,HDB,104,52,52,1.27661464758769,103.843167023188
Blk 628 Ang Mo Kio Ave 4,"Blk 628, Ang Mo Kio Ave 4, S(560628)",MHC,HDB,218,52,166,1.37858940772641,103.840329743826
Blk 630 Bedok Reservoir Road,"Blk 630, Bedok Reservoir Road, S(470630)",MHC,HDB,111,36,75,1.33590729186163,103.922634043137
Blk 69 Geylang Bahru,"Blk 69, Geylang Bahru, S(330069)",MHC,HDB,211,84,127,1.32005980149776,103.871792121922
Blk 7 Empress Road,"Blk 7, Empress Road, S(260007)",MHC,HDB,108,40,68,1.3172499273924,103.805978893931
Blk 724 Ang Mo Kio Ave 6,"Blk 724, Ang Mo Kio Ave 6, S(560724)",MHC,HDB,123,45,78,1.37217258545171,103.846510310202
Blk 726 Clementi West Street 2,"Blk 726, Clementi West Street 2, S(120726)",MHC,HDB,195,60,135,1.30381073184127,103.764250748436
Blk 74 Toa Payoh Lorong 4,"Blk 74, Lorong 4 Toa Payoh, S(310074)",MHC,HDB,90,10,80,1.33305868820665,103.851960931664
Blk 75 Toa Payoh Lorong 5,"Blk 75, Lorong 5 Toa Payoh, S(310075)",HC,HDB,36,36,0,1.336020767662,103.852956988062
Blk 79 Redhill Lane,"Blk 79, Redhill Lane, S(150079)",MK,HDB,122,0,122,1.28843088346846,103.818486786844
Blk 79 Telok Blangah Drive,"Blk 79, Telok Blangah Drive, S(100079)",HC,HDB,40,40,0,1.27175707090153,103.809560438327
Blk 80 Circuit Road,"Blk 80, Circuit Road, S(370080)",MHC,HDB,59,16,43,1.32720568580381,103.88626741965
Blk 82 Telok Blangah Drive,"Blk 82, Telok Blangah Drive, S(100082)",MK,HDB,64,0,64,1.27175707090153,103.809560438327
Blk 84 Marine Parade Central,"Blk 84, Marine Parade Central, S(440084)",MHC,HDB,198,55,143,1.30228520968842,103.906288669909
Blk 85 Bedok North Street 4,"Blk 85, Bedok North Street 4, S(460085)",MHC,HDB,214,72,142,1.33066590908483,103.922843972485
Blk 85 Redhill Lane,"Blk 85, Redhill Lane, S(150085)",HC,HDB,96,96,0,1.28843088346846,103.818486786844
Blk 89 Circuit Road,"Blk 89, Circuit Road, S(370089)",MHC,HDB,133,40,93,1.32357971400582,103.885438842474
Blk 90 Whampoa Drive,"Blk 90, Whampoa Drive, S(320090)",MHC,HDB,92,80,12,1.32278920327274,103.856444472629
Blk 93 Toa Payoh Lorong 4,"Blk 93, Lorong 4 Toa Payoh, S(310093)",MHC,HDB,60,28,32,1.33847469611073,103.849513448853
Blks 13/14 Haig Road,"Blk 13/14, Haig Road, S(430013/430014)",MHC,HDB,151,72,79,1.31514204972284,103.895609544204
Blks 160/162 Ang Mo Kio Ave 4,"Blk 160/162, Ang Mo Kio Ave 4, S(560160/560162)",MHC,HDB,124,40,84,1.37858940772641,103.840329743826
Blks 1A/ 2A/ 3A Commonwealth Drive,"Blk 1A/ 2A/ 3A, Commonwealth Drive, S(141001/141002/141003)",HC,HDB,40,40,0,1.30164998775,103.796796430683
Blks 2 & 3 Changi Village Road,"Blk 2/3, Changi Village Road, S(500002/500003)",MHC,HDB,129,87,42,1.3891516485857,103.988245247726
Blks 20/21 Marsiling Lane,"Blk 20/21, Marsiling Lane, S(730020/730021)",MHC,HDB,164,52,112,1.44344416787521,103.776989477833
Blks 221 A/B Boon Lay Place,"Blk 221A/B, Boon Lay Place, S(641221/642221)",MHC,HDB,166,72,94,1.34704875545729,103.713655557468
Blks 22A/B Havelock Road,"Blk 22A/B, Havelock Road, S(161022/162022)",HC,HDB,30,30,0,1.28797051657173,103.829623413554
Blks 79/79A Circuit Road,"Blk 79/79A, Circuit Road, S(370079/371079)",HC,HDB,106,106,0,1.32550687436813,103.88491977038
Blks 91/92 Whampoa Drive,"Blk 91/92, Whampoa Drive, S(320091/320092)",MHC,HDB,164,52,112,1.32441875533381,103.858185074994
Chinatown Market,"Blk 335, Smith Street, S(050335)",MHC,HDB,703,226,477,1.28223521144332,103.843177640795
Chong Pang Market & Food Centre,"Blk 104/105, Yishun Ring Road, S(760104/760105)",MHC,HDB,179,56,123,1.43171836662838,103.828114256975
Hong Lim Market & Food Centre,"Blk 531A, Upper Cross Street, S(051531)",MHC,HDB,143,103,40,1.28532379322674,103.845776735598
Kovan Market & Food Centre,"Blk 209, Hougang Street 21, S(530209)",MHC,HDB,186,66,120,1.35908384091048,103.886055368064
Pek Kio Market & Food Centre,"Blk 41A, Cambridge Road, S(211041)",MHC,HDB,124,50,74,1.31613128029458,103.850232935162
People's Park Food Centre,"Blk 32, New Market Road, S(050032)",HC,HDB,87,87,0,1.2848558843058,103.842599920236
Tekka Market,"Blk 665, Buffalo Road, S(210665)",MHC,HDB,403,119,284,1.30617705325622,103.85061131325
